{
  "overlapping_variants": 3,
  "total_pig_variants": 3573,
  "total_cosmic_variants": 10,
  "enrichment_ratio": 83.96305625524768,
  "p_value": 1.2555928051236838e-05
}