position,human_residue,pig_residue,human_ptm_type,pig_ptm_type,human_score,pig_score,human_local_score,pig_local_score,sequence_similarity,disruption_type,domain_start,domain_end,domain_size
325,E,V,ubiquitination,,0.2,0.0,,,24.0,loss,325,393,68
335,E,L,ubiquitination,,0.20454545454545453,0.0,,,24.0,loss,325,393,68
336,R,V,methylation,,0.32272727272727275,0.0,,,24.0,loss,325,393,68
338,E,P,ubiquitination,,0.2681818181818182,0.0,,,24.0,loss,325,393,68
342,E,F,ubiquitination,,0.2590909090909091,0.0,,,24.0,loss,325,393,68
345,E,F,ubiquitination,,0.2681818181818182,0.0,,,24.0,loss,325,393,68
359,G,N,,ubiquitination,0.0,0.21363636363636365,,,24.0,gain,325,393,68
360,G,K,,ubiquitination,0.0,0.2681818181818182,,,24.0,gain,325,393,68
361,S,K,,ubiquitination,0.0,0.20454545454545459,,,24.0,gain,325,393,68
363,A,N,,ubiquitination,0.0,0.20454545454545459,,,24.0,gain,325,393,68
369,K,A,ubiquitination,,0.2681818181818182,0.0,,,24.0,loss,325,393,68
371,K,A,ubiquitination,,0.2772727272727272,0.0,,,24.0,loss,325,393,68
372,K,N,ubiquitination,,0.2772727272727272,0.0,,,24.0,loss,325,393,68
380,K,H,ubiquitination,,0.2772727272727272,0.0,,,24.0,loss,325,393,68
381,K,L,ubiquitination,,0.2772727272727272,0.0,,,24.0,loss,325,393,68
385,K,R,ubiquitination,,0.2590909090909091,0.0,,,24.0,loss,325,393,68
