position,human_residue,pig_residue,human_ptm_type,pig_ptm_type,human_score,pig_score,human_local_score,pig_local_score,sequence_similarity,disruption_type,domain_start,domain_end,domain_size
309,N,T,ubiquitination,,0.23181818181818178,0.0,,,43.0,loss,300,450,150
310,N,G,ubiquitination,,0.22272727272727272,0.0,,,43.0,loss,300,450,150
318,K,G,ubiquitination,,0.2590909090909091,0.0,,,43.0,loss,300,450,150
319,K,G,ubiquitination,,0.25,0.0,,,43.0,loss,300,450,150
320,K,I,ubiquitination,,0.25,0.0,,,43.0,loss,300,450,150
335,E,L,ubiquitination,,0.20454545454545453,0.0,,,43.0,loss,300,450,150
336,R,V,methylation,,0.32272727272727275,0.0,,,43.0,loss,300,450,150
338,E,P,ubiquitination,,0.2681818181818182,0.0,,,43.0,loss,300,450,150
342,E,F,ubiquitination,,0.2590909090909091,0.0,,,43.0,loss,300,450,150
345,E,F,ubiquitination,,0.2681818181818182,0.0,,,43.0,loss,300,450,150
359,G,N,,ubiquitination,0.0,0.21363636363636365,,,43.0,gain,300,450,150
360,G,K,,ubiquitination,0.0,0.2681818181818182,,,43.0,gain,300,450,150
361,S,K,,ubiquitination,0.0,0.20454545454545459,,,43.0,gain,300,450,150
363,A,N,,ubiquitination,0.0,0.20454545454545459,,,43.0,gain,300,450,150
369,K,A,ubiquitination,,0.2681818181818182,0.0,,,43.0,loss,300,450,150
371,K,A,ubiquitination,,0.2772727272727272,0.0,,,43.0,loss,300,450,150
372,K,N,ubiquitination,,0.2772727272727272,0.0,,,43.0,loss,300,450,150
380,K,H,ubiquitination,,0.2772727272727272,0.0,,,43.0,loss,300,450,150
381,K,L,ubiquitination,,0.2772727272727272,0.0,,,43.0,loss,300,450,150
385,K,R,ubiquitination,,0.2590909090909091,0.0,,,43.0,loss,300,450,150
